0;1;2;3;4;5;6;7;8;9;10;11
;SIN;;;Libellé;;;Type;;;Montant (MDT);
TN99P72UERY9;TLF 2023-1 TF;Remboursement partiel;8,00;;;;;;;;
TN99P72UERY9;TLF 2023-1 TF;Paiement de coupons;3,38;;;;;;;;
TNAQSF8ZD1W1;HANNIBAL LEASE 2024-1 CA TF;Remboursement partiel;8,00;;;;;;;;
TNAQSF8ZD1W1;HANNIBAL LEASE 2024-1 CA TF;Paiement de coupons;4,28;;;;;;;;
TNFRC2A0V4I0;ADVANS 2022-2 CA TF;Remboursement partiel;1,60;;;;;;;;
TNFRC2A0V4I0;ADVANS 2022-2 CA TF;Paiement de coupons;0,47;;;;;;;;
TNJL9U8BIXG1;ADVANS 2022-2 CB TF;Remboursement partiel;0,40;;;;;;;;
TNJL9U8BIXG1;ADVANS 2022-2 CB TF;Paiement de coupons;0,20;;;;;;;;
