0;1;2;3;4;5;6;7;8;9;10;11;12;13;14;15;16;17;18;19;20;21;22;23
"Calendrier des dividendes (Exercice2024)N°ValeurDate de l’AGODividende/Dividende/ ActionDate deDateDate deaction relatif àrelatif aux annéesdétachement (Ex-d’enregistrementRèglementl’année 2024antérieures à 2014Date)(Record Date)1ATTIJARI BANK04/04/20255,000 DT08/04/202510/04/202511/04/20252SPDIT28/03/20251,000 DT18/04/202521/04/202522/04/20253ATTIJARI LEASING08/04/20252,000 DT28/04/202529/04/202530/04/20254CIL21/04/20252,200 DT28/04/202529/04/202530/04/20255BH ASSURANCE24/04/20251,500 DT07/05/202508/05/202509/05/20256BT29/04/20250,350 DT07/05/202508/05/202509/05/20257UBCI29/04/20251,250 DT07/05/202508/05/202509/05/20258BIAT25/04/20256,000 DT12/05/202513/05/202514/05/20259BH BANK26/04/20250,400 DT*12/05/202513/05/202514/05/2025Placement Tunisie08/05/20253,000 DT14/05/202515/05/202516/05/202510SICAF11STAR22/04/20258,397 DT15/05/202516/05/202519/05/202512TUNIS RE25/04/20250,480 DT16/05/202519/05/202520/05/202513Amen Bank24/04/20253,300 DT20/05/202521/05/202522/05/2025TUNISIE LEASING ET28/04/20251,150 DT20/05/202521/05/202522/05/202514FACTORING15HANNIBAL LEASE30/04/20250,450 DT28/05/202529/05/202530/05/202516SFBT07/05/20250,800 DT30/05/202502/06/202503/06/202517UIB30/04/20250,850 DT02/06/202503/06/202504/06/202518UIB (CI)30/04/20250,850 DT02/06/202503/06/202504/06/202519ENNAKL25/04/20250,880 DT03/06/202504/06/202505/06/202520ARTES30/05/20250,800 DT10/06/202511/06/202512/06/202521ONE TECH HOLDING23/05/20250,260 DT13/06/202516/06/202517/06/202522BNA30/04/20251,000 DT17/06/202518/06/202519/06/202523SMART TUNISIE25/04/20250,360 DT0,540 DT19/06/202520/06/202523/06/202524SOTUMAG04/06/20250,480 DT20/06/202523/06/202524/06/202525ATL23/04/20250,330 DT0,020 DT20/06/202523/06/202524/06/202526BEST LEASE26/04/20250,150 DT23/06/202524/06/202525/06/20252712/06/20250,400 DT23/06/202524/06/202525/06/2025SAH (Lilas)SOCIETETUNISIENNE29/05/20252,040 DT25/06/202527/06/202530/06/202528D'AUTOMOBILES(STA)ASTREE23/06/20252,500 DT01/07/202502/07/202503/07/202529ASSURANCE";;;;;;;;;;;;;;;;;;;;;;;
N°;N°;Valeur;aleur;Date de l’AGO;Date de l’AGO;;ividende/;;;Dividende/ Action;;;Date de;;;Date;;"Date deRèglement";Date de;;;;
;;;;;;;;;;ction relatif à;relatif aux années;détachement (Ex-;d’enregistrement;Règlement;;;;;;;;;
;;;;;;;;;;’année 2024;antérieures à 2014;Date);(Record Date);;;;;;;;;;
;1;;;TTIJARI BANK;;;04/04/2025;;;5,000 DT;;;;;;08/04/2025;;;10/04/2025;;;11/04/2025;
;2;;;PDIT;;;28/03/2025;;;1,000 DT;;;;;;18/04/2025;;;21/04/2025;;;22/04/2025;
;3;;;TTIJARI LEASING;;;08/04/2025;;;2,000 DT;;;;;;28/04/2025;;;29/04/2025;;;30/04/2025;
;4;;;IL;;;21/04/2025;;;2,200 DT;;;;;;28/04/2025;;;29/04/2025;;;30/04/2025;
;5;;;H ASSURANCE;;;24/04/2025;;;1,500 DT;;;;;;07/05/2025;;;08/05/2025;;;09/05/2025;
;6;;;T;;;29/04/2025;;;0,350 DT;;;;;;07/05/2025;;;08/05/2025;;;09/05/2025;
;7;;;BCI;;;29/04/2025;;;1,250 DT;;;;;;07/05/2025;;;08/05/2025;;;09/05/2025;
;8;;;IAT;;;25/04/2025;;;6,000 DT;;;;;;12/05/2025;;;13/05/2025;;;14/05/2025;
;9;;;H BANK;;;26/04/2025;;;0,400 DT*;;;12/05/2025;;;13/05/2025;;;14/05/2025;;;;
10;;lacement Tunisie;;08/05/2025;3,000 DT;;14/05/2025;15/05/2025;16/05/2025;;;;;;;;;;;;;;
;;;;;;08/05/2025;3,000 DT;;14/05/2025;15/05/2025;16/05/2025;;;;;;;;;;;;
;10;ICAF;;;;;;;;;;;;;;;;;;;;;
;11;;;TAR;;;22/04/2025;;;8,397 DT;;;;;;15/05/2025;;;16/05/2025;;;19/05/2025;
;12;;;UNIS RE;;;25/04/2025;;;0,480 DT;;;;;;16/05/2025;;;19/05/2025;;;20/05/2025;
;13;;;men Bank;;;24/04/2025;;;3,300 DT;;;;;;20/05/2025;;;21/05/2025;;;22/05/2025;
14;;UNISIE LEASING ET;;28/04/2025;1,150 DT;;20/05/2025;21/05/2025;22/05/2025;;;;;;;;;;;;;;
;;;;;;28/04/2025;1,150 DT;;20/05/2025;21/05/2025;22/05/2025;;;;;;;;;;;;
;14;ACTORING;;;;;;;;;;;;;;;;;;;;;
;15;;;ANNIBAL LEASE;;;30/04/2025;;;0,450 DT;;;;;;28/05/2025;;;29/05/2025;;;30/05/2025;
;16;;;FBT;;;07/05/2025;;;0,800 DT;;;;;;30/05/2025;;;02/06/2025;;;03/06/2025;
;17;;;IB;;;30/04/2025;;;0,850 DT;;;;;;02/06/2025;;;03/06/2025;;;04/06/2025;
;18;;;IB (CI);;;30/04/2025;;;0,850 DT;;;;;;02/06/2025;;;03/06/2025;;;04/06/2025;
;19;;;NNAKL;;;25/04/2025;;;0,880 DT;;;;;;03/06/2025;;;04/06/2025;;;05/06/2025;
;20;;;RTES;;;30/05/2025;;;0,800 DT;;;;;;10/06/2025;;;11/06/2025;;;12/06/2025;
;21;;;NE TECH HOLDIN;;;23/05/2025;;;0,260 DT;;;;;;13/06/2025;;;16/06/2025;;;17/06/2025;
;22;;;NA;;;30/04/2025;;;1,000 DT;;;;;;17/06/2025;;;18/06/2025;;;19/06/2025;
;23;;;MART TUNISIE;;;25/04/2025;;;0,360 DT;;;0,540 DT;;;19/06/2025;;;20/06/2025;;;23/06/2025;
;24;;;OTUMAG;;;04/06/2025;;;0,480 DT;;;;;;20/06/2025;;;23/06/2025;;;24/06/2025;
;25;;;TL;;;23/04/2025;;;0,330 DT;;;0,020 DT;;;20/06/2025;;;23/06/2025;;;24/06/2025;
;26;;;EST LEASE;;;26/04/2025;;;0,150 DT;;;;;;23/06/2025;;;24/06/2025;;;25/06/2025;
;27;;SAH (Lilas);;12/06/2025;;;0,400 DT;;;;;;23/06/2025;;;24/06/2025;;;25/06/2025;;;
;;AH (Lilas);;;;;;;;;;;;;;;;;;;;;
28;;OCIETE;;29/05/2025;2,040 DT;;25/06/2025;27/06/2025;30/06/2025;;;;;;;;;;;;;;
;;UNISIENNE;29/05/2025;2,040 DT;;25/06/2025;27/06/2025;30/06/2025;;;;;;;;;;;;;;;
28;'AUTOMOBILES;;;;;;;;;;;;;;;;;;;;;;
;;STA);;;;;;;;;;;;;;;;;;;;;
29;;STREE;;23/06/2025;2,500 DT;;01/07/2025;02/07/2025;03/07/2025;;;;;;;;;;;;;;
23/06/2025;2,500 DT;;01/07/2025;02/07/2025;03/07/2025;;;;;;;;;;;;;;;;;;
29;SSURANCE;;;;;;;;;;;;;;;;;;;;;;
