0;1;2;3;4;5;6;7;8;9;10;11;12;13;14;15;16;17;18;19;20;21;22;23;24;25;26;27;28;29;30;31;32;33;34;35
ISIN;SIN;Libellé;Libellé;;Nombre;;Nombre Titres;Nombre Titres;Montant (mdt);ontant (mdt);Taux sur l'Année;aux sur l'Année;;Date;;;;;;;;;;;;;;;;;;;;;
;;;;;;;Opérations;dernière;;;;;;;;;;;;;;;;;;;;;;;;;;;
;;;;;;;2024;;;025;;;2024;;;025;;;024;;;2025;;;lus Bas;;;Plus Haut;;;TMP;;;Opération;
TNXBWNLLU623;BTCT 26 semaines 06062025;2;3;138 100;15 000;132 404,783;14 916,357;7,65%;7,90%;7,65%;-;;;;;;;;;;;;;;;;;;;;;;;;
TN0008000705;BTA 6,5% 06/2025;39;16;167 951;14 486;53 359,404;15 061,365;8,50%;9,97%;99,70%;13/01/2025;;;;;;;;;;;;;;;;;;;;;;;;
TN3O0VDCF6T7;BTCT 26 semaines 18062025;10;-;1 000 000;-;-;-;-;-;-;-;;;;;;;;;;;;;;;;;;;;;;;;
TNOIFDS2U4S0;BTCT 52 semaines 23062025;9;-;960 000;-;-;-;-;-;-;-;;;;;;;;;;;;;;;;;;;;;;;;
TN3ZI0XTRW84;BTCT 26 semaines 11072025;-;1;-;32 000;-;30 673,131;8,70%;8,70%;8,70%;13/01/2025;;;;;;;;;;;;;;;;;;;;;;;;
TNNIY0O9TTE6;BTCT 52 semaines 15072025;9;-;1 000 000;-;-;-;-;-;-;-;;;;;;;;;;;;;;;;;;;;;;;;
TN20X3SC7J74;BTCT 26 semaines 18072025;-;1;-;90 000;-;86 288,170;8,70%;8,70%;8,70%;-;;;;;;;;;;;;;;;;;;;;;;;;
TNH7HFOU5LW6;BTCT 26 semaines 11082025;-;1;-;30 000;-;28 756,060;8,70%;8,70%;8,70%;-;;;;;;;;;;;;;;;;;;;;;;;;
TNHC5CD4GEQ0;BTCT 26 semaines 12082025;-;2;-;40 880;-;39 157,713;8,70%;8,70%;8,70%;-;;;;;;;;;;;;;;;;;;;;;;;;
TNZZMSC80KH7;BTCT 26 semaines 15082025;-;1;-;60 000;-;57 525,447;8,70%;8,70%;8,70%;-;;;;;;;;;;;;;;;;;;;;;;;;
TNKTJ8VPOTZ2;BTCT 52 semaines 22082025;10;-;700 000;-;-;-;-;-;-;-;;;;;;;;;;;;;;;;;;;;;;;;
TN3TDNYC24V7;BTCT 26 semaines 25082025;-;1;-;60 000;-;57 512,121;8,70%;8,70%;8,70%;-;;;;;;;;;;;;;;;;;;;;;;;;
TNNI8DD20JG6;BTCT 26 semaines 16092025;-;2;-;31 400;-;30 077,108;8,70%;8,70%;8,70%;-;;;;;;;;;;;;;;;;;;;;;;;;
TNJJ7UOIZ8A1;BTCT 26 semaines 25092025;-;1;-;20 000;-;19 157,393;8,70%;8,70%;8,70%;-;;;;;;;;;;;;;;;;;;;;;;;;
TNWK2XJDM1T6;BTCT 26 semaines 03102025;-;4;-;118 500;-;113 929,107;8,20%;8,20%;8,20%;-;;;;;;;;;;;;;;;;;;;;;;;;
TNOXRGYG8RL8;BTA 8% 24 Novembre 2025;15;8;186 664;12 252;47 583,985;12 513,931;8,28%;8,95%;8,28%;-;;;;;;;;;;;;;;;;;;;;;;;;
TNEQKUV2JOR6;BTCT 52 semaines 10022026;-;1;-;21 818;-;20 000,020;8,99%;8,99%;8,99%;-;;;;;;;;;;;;;;;;;;;;;;;;
TNESLZG82JC4;BTCT 52 semaines 25022026;-;10;-;1 200 000;-;-;8,98%;8,98%;8,98%;-;;;;;;;;;;;;;;;;;;;;;;;;
TN0008000622;BTA 6,3% 03/2026;9;7;620;857;615,666;945,738;4,10%;10,02%;10,02%;-;;;;;;;;;;;;;;;;;;;;;;;;
TNMP6ILMGGS7;BTCT 52 semaines 17032026;-;4;-;143 000;-;131 084,559;8,99%;8,99%;8,99%;-;;;;;;;;;;;;;;;;;;;;;;;;
TN0HHORW0CG7;BTCT 52 semaines 19052026;-;1;-;21 700;-;19 991,913;8,45%;8,45%;8,45%;-;;;;;;;;;;;;;;;;;;;;;;;;
TN0008000580;BTA 6,3% Octobre 2026;2;-;36;-;34,217;-;-;-;-;-;;;;;;;;;;;;;;;;;;;;;;;;
TN0008000721;BTA 7,2% Fév 2027;22;1;7 477;600;7 353,015;576,638;9,61%;9,61%;9,61%;-;;;;;;;;;;;;;;;;;;;;;;;;
TN0008000655;BTA 6,6% 03/2027;6;1;3 174;70;3 049,501;71,244;9,30%;9,30%;9,30%;-;;;;;;;;;;;;;;;;;;;;;;;;
TN0008000747;BTA 7,2% Mai 2027;14;9;15 354;2 033;14 901,248;2 038,343;8,76%;9,65%;8,76%;06/01/2025;;;;;;;;;;;;;;;;;;;;;;;;
TN9EGII9CQ82;BTA 9,70% 14 octobre 2027;13;-;108 898;-;97 300,000;-;-;-;-;-;;;;;;;;;;;;;;;;;;;;;;;;
TN0008000770;BTA 7,3% Décem 2027;6;-;6 391;-;6 326,819;-;-;-;-;-;;;;;;;;;;;;;;;;;;;;;;;;
TN0008000796;BTA 7,5% Janvier 2028;4;3;12 221;720;12 070,523;732,663;9,70%;9,72%;9,70%;13/01/2025;;;;;;;;;;;;;;;;;;;;;;;;
TN0008000606;BTA 6,7%Avril 2028;6;2;18 990;834;18 299,280;808,818;9,71%;9,74%;9,71%;13/01/2025;;;;;;;;;;;;;;;;;;;;;;;;
TN87SF5T9RO3;BTA 9,8% 31 Octobre 2028;10;-;99 253;-;93 100,000;-;-;-;-;-;;;;;;;;;;;;;;;;;;;;;;;;
TN0008000812;BTA 7,5% 13/12/2028;21;4;11 060;1 162;10 469,511;1 093,101;9,48%;9,80%;9,49%;13/01/2025;;;;;;;;;;;;;;;;;;;;;;;;
TNHUVZNLATV4;BTA 8% 31 Janvier 2029;5;-;28 217;-;15 768,644;-;-;-;-;-;;;;;;;;;;;;;;;;;;;;;;;;
TNLRQIP0OJY4;BTA 9% septembre 2029;2;2;1 609;26 000;1 610,631;26 829,438;9,46%;9,82%;9,46%;-;;;;;;;;;;;;;;;;;;;;;;;;
TN0008000739;BTA 7,4%Févr 2030;8;-;62 001;-;30 405,688;-;-;-;-;-;;;;;;;;;;;;;;;;;;;;;;;;
TN0008000762;BTA 8% Novembre 2030;4;-;2 650;-;2 391,052;-;-;-;-;-;;;;;;;;;;;;;;;;;;;;;;;;
TNN0SOORH1F1;BTA 8,25% juin 2031;2;-;5 086;-;4 940,938;-;-;-;-;-;;;;;;;;;;;;;;;;;;;;;;;;
TNOODT102PF5;BTA 9,87% 22 Octobre 2031;9;-;103 414;-;55 224,576;-;-;-;-;-;;;;;;;;;;;;;;;;;;;;;;;;
TNCYAUILJ413;BTA 9,87% 08 Janvier 2032;-;15;-;113 898;-;114 785,473;9,85%;9,87%;9,85%;08/01/2025;;;;;;;;;;;;;;;;;;;;;;;;
TN0008000663;BTA 7,5% 07/2032;5;-;428;-;378,203;-;-;-;-;-;;;;;;;;;;;;;;;;;;;;;;;;
TNI5BPOGW9F1;BTA 9,89% 13 Juin 2033;13;4;85 850;22 950;86 035,178;23 179,481;9,83%;9,84%;9,83%;06/01/2025;;;;;;;;;;;;;;;;;;;;;;;;
TNNUS2JABSF6;BTA 9,40% août 2033;-;2;-;20 000;-;21 373,150;9,51%;9,51%;9,51%;-;;;;;;;;;;;;;;;;;;;;;;;;
TNGNCCQYSMR1;BTA 9.9% decembre 2033;1;-;141 844;-;-;-;-;-;-;-;;;;;;;;;;;;;;;;;;;;;;;;
TNV7HGOLTYL8;BTA 9,83% 28 mars 2034;-;12;-;93 700;-;93 721,265;9,82%;10,00%;9,82%;-;;;;;;;;;;;;;;;;;;;;;;;;
