0;1;2;3;4;5;6;7;8;9;10;11
TN0008000895;"EMPRUNT NATIONAL 2021T2 CB";-;1;-;50 000;-;5 211,200;9%;9%;9%;02/04/2025
TN5QHXZ8T348;EMP NAT 2021 T3 CB TV;-;2;-;20 000;-;2 108,235;3%;3%;3%;03/06/2025
TNYZO6UGUZ33;EMP NAT 2021 T3 CB TF;-;-;-;-;-;-;-;-;-;17/11/2021
TNJ1M1ZAWYG5;EMP NAT 2022 T2 CA TF;-;-;-;-;-;-;-;-;-;15/06/2022
TNQCK0BPZ5A4;EMP NAT 2022 T2 CA TV;-;-;-;-;-;-;-;-;-;15/06/2022
TN0008000846;EMP NAT T1 2021 CC;-;-;-;-;-;-;-;-;-;01/07/2021
TN0008000903;"EMPRUNT NATIONAL 2021T2 CC";-;-;-;-;-;-;-;-;-;26/08/2021
TN3QL5M1QLW6;EMP NAT 2021 T3 CC TF;-;-;-;-;-;-;-;-;-;17/11/2021
TNJP2LP1CVE1;EMP NAT 2021 T3 CC TV;-;-;-;-;-;-;-;-;-;17/11/2021
TNGVARQJO7Y7;EMP NAT 2023 T4 CA TF;-;-;-;-;-;-;-;-;-;07/12/2023
TN0OU20VQYS5;EMP NAT 2022 T1 CB TV;-;-;-;-;-;-;-;-;-;18/03/2022
TNHG2VXQ3BG0;EMP NAT 2022 T1 CB TF;-;1;-;80 000;-;6 541,584;9%;9%;9%;18/06/2025
TNFOOWIRG8H7;EMP NAT 2022 T2 CB TV;-;-;-;-;-;-;-;-;-;15/06/2022
TNQVHB5WZ2K2;EMP NAT 2022 T2 CB TF;-;-;-;-;-;-;-;-;-;27/02/2023
TNBDWIX8EYF6;EMP NAT 2024 T3 CA TF;1;-;182;-;1,820;-;-;-;-;13/09/2024
TN0JN6PVVH38;EMP NAT 2022 T3 CB TV;-;-;-;-;-;-;-;-;-;16/09/2022
TNRGVSC8DE36;EMP NAT 2022 T3 CB TF;-;1;-;80 000;-;8 574,558;9%;9%;9%;18/06/2025
TN7PM93UZP50;EMP NAT 2022 T4 CB TV;-;-;-;-;-;-;-;-;-;18/11/2022
TNWRCVSYL730;EMP NAT 2022 T4 CB TF;-;-;-;-;-;-;-;-;-;18/11/2022
TN3C6DVEWM76;EMP NAT 2023 T1 CB TV;-;-;-;-;-;-;-;-;-;17/02/2023
TNCGJF5TW027;EMP NAT 2023 T1 CB TF;-;-;-;-;-;-;-;-;-;22/09/2023
TNCR2TMAK1K8;EMP NAT 2023 T2 CB TF;-;-;-;-;-;-;-;-;-;19/05/2023
TNN50G7PX8W5;EMP NAT 2023 T2 CB TV;-;-;-;-;-;-;-;-;-;19/05/2023
TNRS9CVT3SJ7;EMP NAT 2023 T3 CB TV;-;-;-;-;-;-;-;-;-;14/09/2023
TNVE955M6R90;EMP NAT 2023 T3 CB TF;-;-;-;-;-;-;-;-;-;14/09/2023
TNBII1MJCEF3;EMP NAT 2023 T4 CB TF;-;-;-;-;-;-;-;-;-;07/12/2023
TNMCPXLL1EE2;EMP NAT 2023 T4 CB TV;-;-;-;-;-;-;-;-;-;07/12/2023
TN2781ZB9E10;EMP NAT 2024 T1 CB TV;4;-;355 000;-;35 500,000;-;-;-;-;15/02/2024
TNUWXR58DVH5;EMP NAT 2024 T1 CB TF;30;-;2 320 000;-;232 000,000;-;-;-;-;15/02/2024
TNX0K9990B08;EMP NAT 2024 T2 CB TF;32;-;2 658 300;-;265 830,000;-;-;-;-;15/05/2024
TNC6WBFURIQ8;EMP NAT 2024 T2 CB TV;7;-;811 000;-;81 100,000;-;-;-;-;15/05/2024
TNAO0T7V1X56;EMP NAT 2024 T3 CB TV;2;-;140 000;-;14 000,000;-;-;-;-;13/09/2024
TNFC8O7A98F4;EMP NAT 2024 T3 CB TF;27;-;2 488 000;-;248 800,000;-;-;-;-;13/09/2024
TN9092FJVKK8;EMP NAT 2024 T4 CB TF;28;-;2 892 500;-;289 250,000;-;-;-;-;06/12/2024
TN45VKDAPM79;EMP NAT 2024 T4 CB TV;3;-;180 000;-;18 000,000;-;-;-;-;06/12/2024
TN5XXZZ454U2;EMP NAT 2022 T1 CC TF;-;-;-;-;-;-;-;-;-;18/03/2022
TNQHMI7RIBR5;EMP NAT 2022 T1 CC TV;-;-;-;-;-;-;-;-;-;18/03/2022
TN11TIB0EPV4;EMP NAT 2022 T2 CC TV;-;-;-;-;-;-;-;-;-;15/06/2022
TNI9EO2MTU05;EMP NAT 2022 T2 CC TF;-;-;-;-;-;-;-;-;-;08/03/2023
TN4A4WPDZOC1;EMP NAT 2022 T3 CC TF;-;-;-;-;-;-;-;-;-;08/03/2023
TNIZ090I5G66;EMP NAT 2022 T3 CC TV;-;-;-;-;-;-;-;-;-;16/09/2022
TNEFCT8MXYZ3;EMP NAT 2022 T4 CC TF;-;-;-;-;-;-;-;-;-;22/02/2023
TNVFSFLG1FH4;EMP NAT 2022 T4 CC TV;-;-;-;-;-;-;-;-;-;18/11/2022
TNHZAONAPWF9;EMP NAT 2023 T1 CC TV;-;-;-;-;-;-;-;-;-;17/02/2023
TNTKTEO5CIW5;EMP NAT 2023 T1 CC TF;-;-;-;-;-;-;-;-;-;17/02/2023
TNDRFUSQRGB4;EMP NAT 2023 T2 CC TV;-;-;-;-;-;-;-;-;-;19/05/2023
TNNZ2M9ZHIT3;EMP NAT 2023 T2 CC TF;-;-;-;-;-;-;-;-;-;19/05/2023
TN0LAJZU8LX6;EMP NAT 2023 T3 CC TV;-;5;-;270 000;-;28 490,832;10%;10%;10%;10/04/2025
TNDSN3G1YQE9;EMP NAT 2023 T3 CC TF;-;-;-;-;-;-;-;-;-;14/09/2023
TN10K3C5R1G1;EMP NAT 2023 T4 CC TV;-;-;-;-;-;-;-;-;-;07/12/2023
TNBSXXEKBFR8;EMP NAT 2023 T4 CC TF;-;-;-;-;-;-;-;-;-;07/12/2023
TN85TI1TIY25;EMP NAT 2024 T1 CC TV;3;1;53 000;152 543;5 300,000;15 698,853;10%;10%;10%;05/06/2025
TNRLFZ5FIX29;EMP NAT 2024 T1 CC TF;4;-;1 008 200;-;100 820,000;-;-;-;-;15/02/2024
TN5WI26K4ER0;EMP NAT 2024 T2 CC TF;9;-;1 516 000;-;151 600,000;-;-;-;-;15/05/2024
TNLBC9INKV10;EMP NAT 2024 T3 CC TV;-;2;-;339 275;-;35 475,486;10%;10%;10%;10/04/2025
TNPDPODY2398;EMP NAT 2024 T3 CC TF;12;-;2 499 350;-;249 935,000;-;-;-;-;13/09/2024
TNGCLJS7FYQ7;EMP NAT 2024 T4 CC TF;18;-;3 105 000;-;310 500,000;-;-;-;-;06/12/2024
